{"cameraMode":{"drawMode":0,"name":"Shaded","section":"Shading Mode"},"sceneLighting":true,"audioPlay":false,"sceneViewState":{"showFog":false,"showMaterialUpdate":false,"showSkybox":false,"showFlares":false,"showImageEffects":false,"showParticleSystems":false},"in2DMode":false,"pivot":{"x":787.5775756835938,"y":139.64620971679688,"z":-370.1926574707031},"rotation":{"x":-0.06362216919660568,"y":0.5042408108711243,"z":-0.03728535398840904,"w":-0.8604092001914978},"size":-0.29282933473587038,"orthographic":false}