{"cameraMode":{"drawMode":0,"name":"Shaded","section":"Shading Mode"},"sceneLighting":true,"audioPlay":false,"sceneViewState":{"showFog":false,"showMaterialUpdate":false,"showSkybox":false,"showFlares":false,"showImageEffects":false,"showParticleSystems":false},"in2DMode":false,"pivot":{"x":13.37847900390625,"y":5.4089741706848148,"z":12.663671493530274},"rotation":{"x":-0.06553822755813599,"y":0.9138492345809937,"z":-0.16375398635864259,"w":-0.3657439947128296},"size":25.594818115234376,"orthographic":false}