{"cameraMode":{"drawMode":0,"name":"Shaded","section":"Shading Mode"},"sceneLighting":true,"audioPlay":false,"sceneViewState":{"showFog":false,"showMaterialUpdate":false,"showSkybox":false,"showFlares":false,"showImageEffects":false,"showParticleSystems":false},"in2DMode":false,"pivot":{"x":-5.513124942779541,"y":-14.55113697052002,"z":-54.60529327392578},"rotation":{"x":-0.06607785075902939,"y":0.9231641888618469,"z":-0.18435391783714295,"w":-0.33082011342048647},"size":71.46561431884766,"orthographic":false}