{"cameraMode":{"drawMode":0,"name":"Shaded","section":"Shading Mode"},"sceneLighting":true,"audioPlay":false,"sceneViewState":{"showFog":false,"showMaterialUpdate":false,"showSkybox":false,"showFlares":false,"showImageEffects":false,"showParticleSystems":false},"in2DMode":false,"pivot":{"x":-22.66634178161621,"y":4.039046764373779,"z":-40.4370002746582},"rotation":{"x":-0.03776025027036667,"y":0.8450722098350525,"z":-0.06018602102994919,"w":-0.5299350023269653},"size":100.96897888183594,"orthographic":false}